Book,Book Name,Price
Book A,It's Only the Himalayas,Â£45.17
Book A,Full Moon over Noahâs Ark: An Odyssey to Mount Ararat and Beyond,Â£49.43
Book A,See America: A Celebration of Our National Parks & Treasured Sites,Â£48.87
Book A,Vagabonding: An Uncommon Guide to the Art of Long-Term World Travel,Â£36.94
Book A,Under the Tuscan Sun,Â£37.33
Book B,Sharp Objects,Â£47.82
Book B,"In a Dark, Dark Wood",Â£19.63
Book B,The Past Never Ends,Â£56.50
Book B,A Murder in Time,Â£16.64
Book B,The Murder of Roger Ackroyd (Hercule Poirot #4),Â£44.10
